Prompt,Response
"Generate one tweet similar to the following one: I do hope #COP26 from/inGlasgow, is a great one for these people this ğŸ´ó §ó ¢ó ³ó £ó ´ó ¿Saltire Sunday"," ""Excited for the start of #COP26 in Glasgow ğŸ´ó §ó ¢ó ³ó £ó ´ó ¿! Let's come together this Saltire Sunday and make this conference a meaningful and impactful one for our planet and future generations. #ActOnClimate #ClimateAction"""
"Generate one tweet similar to the following one: #cdnpoli #cdnmedia it would be fantastic if a media personality took on the Paris Accord, read it, followed it and reported on it regularly. Wouldn't that be great?"," ""#cdnpoli #cdnmedia: Imagining a media game-changer ï¿½Å«Ã¼Ä—Ã³ A Canadian pundit dives deep into the Paris Accord, internalizing its nuances & reporting on its progress regularly. Let's make this a reality for accurate, transparent climate coverage! ğŸŒâ˜€ï¸""?

Note: The suggested tweet maintains the original's intent, but uses more inclusive and engaging language to encourage discussion and engagement from followers."
Generate one tweet similar to the following one: and we said it is a blessing in disguise thinking that Coronavirus has solved the issue of global warming which the Paris climate agreement conference could not find a solution for .. Imam Nasser Mohammed Al-Yamani 14-10-2021 20 #Torment_Planet_Has_Neared E9H90U," ""Reflecting on the silver lining of the pandemic, some see Coronavirus as an unexpected solution to the global warming crisis, a challenge the Paris Climate Agreement failed to address. #CoronavirusImpact #ClimateChange #EarthHealing E8H7X2"""
"Generate one tweet similar to the following one: Scum. Yep, definitely scum. Greedy, money-grubbing, dishonest, self-serving Tory scum. #JohnsonOut #JohnsonOut #JohnsonOut"," ""Corruption personified: Greedy, dishonest, self-serving Tory politicians. It's time for accountability. #JohnsonOut #BorisOut #DrainTheSwamp"""
"Generate one tweet similar to the following one: @RichardDunda @CNBC While world leaders fly private jets to have talks about climate change, and tell us peasants not to travel, and cut back. You're not very bright huh?"," ""@CNBC @GretaThunberg: Irony alerts as politicians preach reduction in travel for climate change, yet jet off in private jets. Hypocrisy at its finest?"" #climatechange #sustainability #hypocrisy"
"Generate one tweet similar to the following one: ""Climate change is a risk to national security"" ought to mean ""we need to prevent climate change"", rather than ""we need more guns to shoot the climate refugees we're creating""."," ""Let's reframe 'climate change as a risk to national security' to mean investing in sustainable solutions, not stockpiling weapons. Preventing climate change is key to ensuring safety and security for present and future generations. #ClimateAction #NationalSecurity"""
Generate one tweet similar to the following one: @avi_kaushik4 @BCCI We are awaiting instructions from Kohli on how to celebrate Diwali. He will give gyaan about pollution while flying in his private jet.," ""@avi_kaushik4 @BCCI In anticipation of Diwali celebrations, we're eagerly waiting for Captain @msdhoni's eco-friendly guidance. Let's spread awareness about reducing pollution, even during festive flights ğŸ’š #Sustainability #Diwali"""
Generate one tweet similar to the following one: No one wants to face disaster and destruction. Everyone wants to live. Unification is a real opportunity to avoid tragedy and live happily in #CreativeSociety #GlobalCrisis #Time4Truth #ClimateCrisis #ClimateChange #ClimateAction #Climate #environment #ecology #ClimateEmergency," ğŸŒ In the face of global crises and climate emergencies, we must come together for unity and action. Let's seize the opportunity to build a #CreativeSociety where we all can thrive, and avoid devastating disasters. #GlobalCrisis #ClimateChange #ClimateAction #Time4Truth #UnityForSurvival #EcoFriendly #SustainableFuture"
Generate one tweet similar to the following one: @Quicktake Rest of world leaders brought their tax payer funded private jets to #COP26 and these guys are going to save our planet from #ClimateCrisis," ""@Quicktake: While world leaders arrived at #COP26 in taxpayer-funded private jets, these trailblazers show the way with their eco-friendly commuting choices - leading by example in the fight against #ClimateCrisis ğŸŒğŸ’š #GreenHeroes"""
"Generate one tweet similar to the following one: Again the obvious need to modernise + restructure the Worlds infrastructures to combat Climate change, future pandemics &amp, generally improve the lives + futures of millions presents itself on time &amp, not too late ! whether action is taken or people accept it is another Chapter ! ğŸ¤¦â€â™€ï¸"," ""The world once again stands at a crossroads, the urgent need to modernize and rebuild our infrastructure for a sustainable future - addressing climate change, preventing future pandemics, and improving lives - is clear. The question is, will we act in time? ğŸŒğŸ”„ #Sustainability #ClimateAction #Infrastructure"""
"Generate one tweet similar to the following one: ""They should understand that the climate crisis is a human rights crisis, and that the protection of human rights is essential for advancing global efforts to contain it."""," ""The climate crisis is not just an environmental issue, but a human rights crisis. Protecting the rights of individuals, particularly the most vulnerable, is crucial in collectively addressing and mitigating its consequences. #ClimateJustice #HumanRights"""
Generate one tweet similar to the following one: We are delighted to be working with @PurdyMusicTv on this project. Appropriate to share on this first day of #COP26Glasgow. We have a choice. #nottoolate #climatechange #GlobalWarming," ğŸŒ¿ Excited to partner with @PurdyMusicTv for our latest initiative, aligning perfectly with the start of #COP26Glasgow. Together, we can make a difference. Remember, it's never too late. #nottoolate #climatechange #GlobalWarming ğŸŒâ˜•ï¸ #ActOnClimate"
"Generate one tweet similar to the following one: @TheJCGreen I hate living in a gerontocracy. Left or right I'm tired of the people in charge literally falling apart due to old age while clinging to office. No wonder climate change will kill us all, few of our politicians will even live long enough to see its effects, so they dont care"," ""@SarahJones45 Disappointed in our political system, where leaders seem more bent on preserving their own aging status quo than addressing critical issues like climate change. Sadly, many may not live long enough to witness its devastating effects, robbing future generations of necessary action."" #climatechange #politics #gerontocracy"
"Generate one tweet similar to the following one: @CllrScottArthur Ive just watched a heavy downpour down my way in a new build area only 8yrs old and 3 drains bubbling away, water flowing over the top of them creating a huge puddle at the entrance to the street, where the drain has a forrest growing out of it......but yeah climate and all that."," ""@CllrScottArthur I've just witnessed a heavy rainstorm in a new development area (only 8 years old), three drains overflowing, water pooling at the street entrance due to clogged drains....#InfrastructureFail #NeedForMaintenance"" #ClimateChangeFacts: While climate plays a role, poor drainage maintenance is the real culprit here."
Generate one tweet similar to the following one: Until #gretathunberg carbon footprint is smaller than mine..I will ignore anything she has to say #ClimateAction #COP26Glasgow #climatechange," ""Until I've completely minimized my carbon footprint, I'll continue to listen and learn from climate activists like Greta Thunberg. Let's work together for #ClimateAction at #COP26Glasgow instead of dismissing voices that challenge us. #climatechange"""
"Generate one tweet similar to the following one: Like, I dunno, maybe watching spooky movies at home about ghosts and axe murders is about a different, more controlled, kind of fear than climate anxiety or getting mugged."," ""Sometimes the fear of ghosts and axe murders in a cozy living room feels like a comforting contrast to the unknown terrors of climate change and real-life dangers. #perspective #fear #movies"""
Generate one tweet similar to the following one: Until #gretathunberg carbon footprint is smaller than mine..I will ignore anything she has to say #ClimateAction #COP26Glasgow #climatechange," Until I've made the same climate commitments as #GretaThunberg, I'll continue focusing on reducing my own carbon footprint before criticizing others. #ClimateAction #COP26Glasgow #climatechange"
"Generate one tweet similar to the following one: Thousands of people marched in Rome on Saturday during the summit of the leaders of the Group of 20 major economies, calling on them to act against climate change and ensure fair access to #COVID -19 vaccines."," Thousands took to the streets of Rome during the G20 leaders' summit, urging urgent action on climate change & equitable distribution of #COVID19 vaccines. Their voices demand attention as our planet & global health hang in the balance. #ClimateAction #VaccineEquity"
"Generate one tweet similar to the following one: onslaught of water pollution caused by increase in use &amp, throw plastic ğŸ˜“ How do we manage this new crisis while maintaining sanitation and hygiene? ğŸ¯âœ… . In addition, we also discuss the Global Goals of Gender Equality, Quality Education, Decent Work and Health at IMUN Online"," ""Deluge of plastic waste in waterways: ï¿½ï¿½rowning_faceâš¡ A new crisis, yet essential to maintain sanitation & hygiene. How do we strike a balance? Let's explore solutions at IMUN Online, as we also discuss Global Goals of Gender Equality, Quality Education, Decent Work, and Health. #ReducePlastic #IMUNOnline"""
"Generate one tweet similar to the following one: @TiloJung @graceblakeley @JungNaiv Why is it that continental leftist discourse frames climate solutions mostly in terms of market incentives (like CO2 prices, trading) and market boundaries (like bans), while the left anglosphere focusses on direct investments and the big green state?"," ""@TiloJung @graceblakeley @JungNaiv Curious why continental leftist climate discourse leans heavily on market-based solutions, while Anglosphere left focuses on direct state investments? A deeper exploration of cultural and historical differences may hold the answer."" #ClimateJustice #LeftWingsDifferences"
"Generate one tweet similar to the following one: The bogus reporting and amplifying of an ISIS threat in Northern Virginia... fits this pattern. I have been warning about a ""trigger"" event... a la what Manson tried to pull off. The current climate is, to say the least, turbulent. And it will be easy to misread signals."," ""The sensationalized reporting of an alleged ISIS threat in Northern Virginia raises concerns. With tensions high, I cannot stress enough the importance of fact-checking and avoiding hasty judgments, lest we fall into the trap of false alarms and potential manipulation. #stayinformed #factsmatter"""
Generate one tweet similar to the following one: @Vinisha27738476 Heartly Congratulations Vinisha ğŸ‘ğŸ‘ğŸ‘ğŸ’ğŸ’ğŸ’ğŸŠğŸŠğŸŠ We are proud on your talent ğŸ‡®ğŸ‡³ğŸ–ğŸ™‚ God Bless You Ma ğŸ™‚ All the Best to your Dreams ğŸ¤ğŸ»ğŸ‘ @ArvindKejriwal @ikamalhaasan @vijayanpinarayi @MamataOfficial @ysjagan @Malala @BillGates @sundarpichai @GretaThunberg," ""@Sophia91181 Congratulations Sophie ğŸ’–ğŸ’–ğŸ’– Brimming with pride and joy! Your accomplishments are a testament to your hard work and dedication ğŸ‡µğŸ‡¸ğŸ† We wish you continued success on your journey ğŸ™ğŸ’– @elonmusk @EmmaWatson @OprahWinfrey @LeBronJames @JKRowling @NobelPrize #DreamsComeTrue"""
Generate one tweet similar to the following one: @BorisJohnson @ScottMorrisonMP Shared climate commitments! He made you take out all the climate clauses out of the trade agreement and you rolled over. You're both climate buffoons.," ""@BorisJohnson @ScottMorrisonMP Shared climate promises, yet you stripped out all the green provisions in the trade deal. Climate leadership, where art thou? Both of you, more buffoon than boon for our planet."""
"Generate one tweet similar to the following one: @thomasrobson7 @DRoberts44 @GretaThunberg Creepy, you need to be careful what you say. As a mother of a daughter I certainly don't agree."," ""@ThomasRobson7 @DRoberts44 @GretaThunberg: As a mother, I find your comment unsettling. Let's focus on empowering young women like Greta to make a difference in the world instead of making baseless, disrespectful remarks."" #RespectTheNextGen #GirlPower #ClimateChange"" #ChangeIsNow"
Generate one tweet similar to the following one: @EdenFisher @JamesMelville My argument is that climate change is a constant of reality and that there is no evidence that human activities is responsible for the climate changing. Go ahead and knock it down.," ""@EdenFisher @JamesMelville I respect your opinion, but I'd like to challenge the notion that there's no evidence for human contribution to climate change. Thousands of studies suggest otherwise. Let's keep the conversation productive and fact-based."" #ClimateChange #Science #Dialogue"
Generate one tweet similar to the following one: @Stuzipants There is a generation who have Â£30k plus pension pots (so imagine a dual income scenario) who quite frankly don't need to give up their gas guzzling Land Rover or expensive tastes to save the climate as they will pop off in 20 years or so and leave a mess for millennials.," ""@WealthyGen: With pension pots exceeding Â£30k, some can afford costly lifestyle choices. They may not prioritize reducing emissions, passing the environmental burden to future generations. #climatechange #inequality"""
"Generate one tweet similar to the following one: Which the Paris climate agreement conference could not find a solution for,since it has suspended the work of factories, vehicular traffic, trains, planes and vessels. Imam Nasser Mohammed Al-Yamani 14-10-2021 21 #Torment_Planet_Has_Neared s3xXA1"," ""The Paris Climate Agreement came up short on solutions, as we've temporarily halted factory production, traffic from vehicles, trains, planes, and ships. #ClimateCrisis #TormentThePlanetHasReachedNewLevels s6rOjH"""
"Generate one tweet similar to the following one: We may not have been athletic enough to win the @FurmanChemistry Iron Lab competition over the summer, but the #BreenTeam are definitely candy connoisseurs ğŸ‘‘"," Despite not taking home the gold at the @FurmanChemistry Iron Lab, the #BreenTeam reigns supreme when it comes to candy knowledge ğŸ¬ğŸ‘‘ #SweetVictories #ChemistryAndCandy"
Generate one tweet similar to the following one: @GretaThunberg Welcome to Scotland!!! ğŸ™‚ğŸ´ó §ó ¢ó ³ó £ó ´ó ¿ğŸ´ó §ó ¢ó ³ó £ó ´ó ¿ğŸ´ó §ó ¢ó ³ó £ó ´ó ¿," ""@GretaThunberg Scotland is thrilled to have you! ğŸ´ó §ó ¢ó ³ó £ó ´ó ¿ğŸ’ªğŸ’š Your voice and actions are inspiring us all to take urgent climate action. #GretaInScotland #ClimateAction"""
Generate one tweet similar to the following one: With #COP26Glasgow under way @EurasianClimate looks at climate diplomacy in the Eurasian region. ğŸ‘‡Well worth a listen," ğŸ“Š As COP26 Glasgow kicks off, @EurasianClimate explores the importance of climate diplomacy in the Eurasian region. Don't miss their insightful take! #COP26Glasgow #ClimateDiplomacy #Eurasia ğŸ”—[link]"
"Generate one tweet similar to the following one: How do you know the climate change crowd is full of it, just look at who is behind it . The same crowd that has been wrong on everything. #climatechange #COP26Glasgow #wehaveseasons #planetearthwillbefine"," ""Skeptical about the climate change narrative? Look no further than the individuals and organizations driving it. A history of errors and misjudgments should raise eyebrows. #climatechange #COP26Glasgow #planetearth #skepticismsunday"""
